k = c * a ^ (b/(273 + temp),,,,,,,,,,,,
,,,,,,,,,,,,
ArrheniusA,2.718281828,ネイピア数,,,,,,,,,,
ArrheniusB,1000,活性化エネルギ関連定数,,,,,,,,,,
ArrheniusC,0.035,,,,,,,,,,,
,,,,,,,,,,,,
temp,,,,,,,,php,jpy,,,
20,1.062433536,5.57%,,,,,,,559985,5月20日,paid before 5/10 inc japan nl,
21,1.050171335,,,,,,,50000,115000,5月14日,7月2日,7月9日
22,1.03813236,,,,,,,26000,59800,5月18日,7月2日,7月9日
23,1.02631135,,,,,,,65000,149500,5月28日,7月2日,7月9日
24,1.014703193,,,,,,,133000,305900,6月18日,,
25,1.003302923,,,,,,,100000,230000,6月24日,,
26,0.992105713,,,,,,,,860200,,900000,
27,0.981106871,,,,,,,,,,,
28,0.970301839,,,,,,,,,,,
29,0.959686184,,,,,,,400000,,200000,,
30,0.949255596,5.39%,,,,,,japan*10,,japan*5,,
,,,,,,,,,don’t compromise,,,
,,,,,,,,,don’t give up first plan,,,
,,,,,,,,,wait until 7/9,,,
,,,,,,,,,,,,
,,,,,,,,,,,,
,,,,,,,,,,,,
,,,,,,,,"On 7/10, you must get return 400000",,,,
,,,,,,,,"If you have confidendece, up you",,,,
